Workbook

Sheet 자재피아기본견적
A1: 품목명 | B1: 수량 | C1: 가격
A2: 원형오뚜기 체인걸이형/기본인쇄 [L360*H1080mm/주차금지 반사지] | B2: 10 | C2: 12000 | D2: 120000
A3: 칼라콘/SJ [380*380*h680] | B3: 20 | C3: 2800 | D3: 56000
A4: 배송료 | B4: 1 | C4: 78000 | D4: 78000
A5: 나눔테크 심장충격기 (연습용) [NT-381.CT] | B5: 1 | C5: 500000 | D5: 500000
A6: 프레스탄모니터형마네킹 | B6: 1 | C6: 318182 | D6: 318182
A7: 프레스탄일반형마네킹 | B7: 1 | C7: 286364 | D7: 286364

Sheet 거성
A1: No.
A2: 견 적 서
A3: ㅡㅡㅡㅡㅡㅡㅡㅡㅡㅡㅡㅡㅡㅡㅡㅡㅡ
B4: =TODAY() | F4: 공 | H4: 등 록 번 호 | I4: 528-87-02337
H5: 상호(법인명) | I5: 주식회사 거성에이엠에스(AMS) | J5: 성명 | L5: 심정근 (인)
B6: 동탄2 LH2단지 행복주택A4-1블럭 아파트 | E6: 귀하 | F6: 급 | H6: 사업장주소 | I6: 경기도 화성시 효행로 614번길 20 (안녕동 162)
B7: 아래와 같이 견적합니다. | H7: 업 태 | I7: 도.소매 | J7: 종목 | L7: 전기소방,유통 잡자재
F8: 자 | H8: 전 화 번 호 | I8: 010-7161-9139
A9: 합 계 금 액(공급가액+VAT포함) | E9: 일금 | F9: =J9 | J9: =I34+K34
A10: 순번 | B10: 품명 및 규격 | F10: 수량 | G10: 단위 | H10: 단 가 | I10: 공 급 가 액 | K10: 세 액 | M10: 비 고
A11: 1 | B11: =자재피아기본견적!A2 | F11: =자재피아기본견적!B2 | H11: =ROUND(자재피아기본견적!C2*(1+0.15),-2) | I11: =H11*F11 | K11: =I11*0.1
A12: 2 | B12: =자재피아기본견적!A3 | F12: =자재피아기본견적!B3 | H12: =ROUND(자재피아기본견적!C3*(1+0.15),-2) | I12: =H12*F12 | K12: =I12*0.1
A13: 3 | B13: =자재피아기본견적!A4 | F13: =자재피아기본견적!B4 | H13: =ROUND(자재피아기본견적!C4*(1+0.15),-2) | I13: =H13*F13 | K13: =I13*0.1
A14: 4 | B14: =자재피아기본견적!A5 | F14: =자재피아기본견적!B5 | H14: =ROUND(자재피아기본견적!C5*(1+0.15),-2) | I14: =H14*F14 | K14: =I14*0.1
A15: 5 | B15: =자재피아기본견적!A6 | F15: =자재피아기본견적!B6 | H15: =ROUND(자재피아기본견적!C6*(1+0.15),-2) | I15: =H15*F15 | K15: =I15*0.1
A16: 6 | B16: =자재피아기본견적!A7 | F16: =자재피아기본견적!B7 | H16: =ROUND(자재피아기본견적!C7*(1+0.15),-2) | I16: =H16*F16 | K16: =I16*0.1
A34: 합 계 | I34: =SUM(I11:I16) | K34: =I34*0.1
A35: ※기타사항
A36: 1. 견적일로부터 20일간 유효합니다.

Sheet 해광
A1: ss | C1: 견 적 서
C2: 수신 | D2: 상 호 | F2: 한양수자인 사가정파크 입주자대표회의 | R2: 발신 | S2: 상 호 | U2: 주식회사 해광
S3: 대 표 | U3: 정광호 | AC3: (인)
D4: 담 당 | S4: 전 화 | U4: 직통 010-9844-8917
D5: 전 화 | F5: 02-496-9866 | S5: 팩 스 | U5: 031-592-4169
D6: 팩 스 | F6: 02-495-9866 | S6: 주 소 | U6: 메일 - hk5924161@hanmail.net
U7: 경기도 남양주시 화도읍 녹촌로199번길 20
C8: 견 적 일 자 | F8: =TODAY()
C9: 견적유효일 | F9: 견적일로부터 30일 | S9: 담 당 | U9: 유효진 | AB9: 과장
C11: ♣ 귀사의 무궁한 발전을 기원합니다.
C12: ♣ 아래와 같이 견적 하오니 업무에 참조 하시기 바랍니다.
C14: No. | D14: 품명 및 규격 | P14: 단위 | R14: 수량 | S14: 단가 | V14: 금액 | Z14: 세액 | AC14: 비고
C15: 1 | D15: =자재피아기본견적!A2 | R15: =자재피아기본견적!B2 | S15: =ROUND(자재피아기본견적!C2*(1+0.2),-2) | V15: =R15*S15 | Z15: =V15*0.1
C16: 2 | D16: =자재피아기본견적!A3 | R16: =자재피아기본견적!B3 | S16: =ROUND(자재피아기본견적!C3*(1+0.2),-2) | V16: =R16*S16 | Z16: =V16*0.1
C17: 3 | D17: =자재피아기본견적!A4 | R17: =자재피아기본견적!B4 | S17: =ROUND(자재피아기본견적!C4*(1+0.2),-2) | V17: =R17*S17 | Z17: =V17*0.1
C18: 4 | D18: =자재피아기본견적!A5 | R18: =자재피아기본견적!B5 | S18: =ROUND(자재피아기본견적!C5*(1+0.2),-2) | V18: =R18*S18 | Z18: =V18*0.1
C19: 5 | D19: =자재피아기본견적!A6 | R19: =자재피아기본견적!B6 | S19: =ROUND(자재피아기본견적!C6*(1+0.2),-2) | V19: =R19*S19 | Z19: =V19*0.1
C20: 6 | D20: =자재피아기본견적!A7 | R20: =자재피아기본견적!B7 | S20: =ROUND(자재피아기본견적!C7*(1+0.2),-2) | V20: =R20*S20 | Z20: =V20*0.1
C36: 공급가액 | E36: =SUM(V15:V20) | J36: 세액 | N36: =E36*0.1 | S36: 합계(Total) | Y36: =E36+N36
C38: 비고 | E38: ★사업자등록증 발송시 연락처/팩스/메일주소 기재하여 당사 팩스/메일로 발송바랍니다
E39: ★계좌번호 - 국민은행(주식회사해광) 825337-04-001189
E40: 홈페이지 www.hk4.co.kr (네이버 검색창 - 해광애드 )
C42: 주식회사 해광
